station,color_code,2015-7,2015-8,2015-9,2015-10,2015-11,2015-12,2016-1,2016-2,2016-3,2016-4,2016-5,2016-6,2016-7,2016-8,2016-9,2016-10,2016-11,2016-12,2017-1,2017-2,2017-3,2017-4,2017-5,2017-6,2017-7,2017-8,2017-9,2017-10,2017-11,2017-12,2018-1,2018-2,2018-3,2018-4,2018-5,2018-6,2018-7,2018-8,2018-9,2018-10,2018-11,2018-12,2019-1,2019-2,2019-3,2019-4,2019-5,2019-6,2019-7,2019-8,2019-9,2019-10,2019-11,2019-12,2020-1,2020-2,2020-3,2020-4,2020-5,2020-6,2020-7,2020-8,2020-9,2020-10
松山機場,BR,156477,153399,149831,154321,152704,148148,149170,144114,152140,154375,162968,167305,166312,166007,147099,155301,154891,150707,145328,147324,144718,150604,159544,158971,162723,164890,148098,148867,148675,148273,142072,135524,148105,155300,160307,159522,163466,162080,152693,153403,149779,150652,146788,138392,147873,154795,161470,167182,166906,160955,155945,165324,160059,157673,140194,108233,91690,74554,85941,104818,132401,145053,130509,131099
中山國中,BR,387225,391082,390655,404096,414003,424706,406732,365035,426635,390829,402522,383366,390400,401349,356428,397453,412480,421957,384710,386027,415951,391670,392910,395110,391514,393458,390377,371772,404267,419458,393731,355759,411195,370888,391223,381988,384152,388641,381184,396655,401801,418786,404931,344015,402904,383601,397247,382625,388122,377300,381438,386689,406193,417510,344214,338328,331077,276686,319798,329735,354483,387631,401868,386482
南京復興,BR,864961,899499,878016,902208,927431,959094,949137,835264,998005,906050,947690,919321,934184,976493,850309,947159,980028,1018639,952022,959604,1031948,963344,995938,1015898,999033,1020324,989990,938882,1035930,1084607,1035003,923621,1086134,974407,1053183,1037394,1051908,1077526,1034635,1068417,1085197,1142896,1102417,910561,1086523,1039430,1092499,1074054,1116941,1092933,1087830,1090798,1138901,1189716,989180,996890,941166,780670,896942,938239,1023310,1126393,1154163,1085375
忠孝復興,BL,1426792,1425410,1356860,1367619,1602665,1454170,1426199,1432465,1429760,1369438,1402602,1385145,1446210,1470364,1266984,1359460,1599853,1436681,1382840,1405006,1368347,1328994,1347676,1330189,1397750,1415106,1301276,1308658,1571969,1418644,1351151,1401472,1342706,1293168,1345909,1314300,1370332,1395768,1300255,1322938,1546025,1405825,1400212,1296548,1338248,1301867,1349662,1311632,1358859,1351020,1283031,1298682,1527304,1380459,1281145,1100192,969052,847565,1002916,1078325,1166825,1304576,1248681,1274763
大安,BR,537064,528553,585670,600396,622660,642492,606355,530511,656245,609871,633375,584063,563808,573182,568884,635870,655848,676924,600409,597016,678842,642095,651671,638913,608343,606752,652687,620135,677142,710214,666971,559281,704218,645933,686358,648432,627120,635206,664287,697561,702103,734599,688495,576902,705252,680097,708355,672012,656179,634351,690729,695576,728822,753864,605613,547474,589408,504107,583413,586942,616322,660513,718769,681323
科技大樓,BR,360458,349153,368781,395010,402699,412657,379868,325233,419451,383629,396957,373345,362682,362251,344218,397895,405550,410120,349664,349925,408446,378935,387068,385411,378494,362222,373798,368330,402249,423223,378527,323938,407239,366652,398428,380849,363363,358957,378650,400964,409644,419531,382001,332648,403725,386438,404588,393873,368649,357011,390742,390354,412896,422104,327238,309354,335238,275228,324876,332958,339298,372643,407993,400747
六張犁,BR,282249,282106,286229,297662,305255,308846,300714,269531,317253,294962,301689,286616,287039,295865,268669,296517,303737,307704,286483,288685,313155,296027,298861,297886,293795,290915,294015,283945,308816,317513,302142,273755,314435,291899,301026,294754,293691,297491,293106,308937,317884,326605,314064,269288,317582,304444,310565,303101,304798,296185,303844,309487,322984,328168,280944,273594,269300,229437,261241,267334,280185,308919,320550,315641
麟光,BR,98454,100440,100350,102128,104954,104160,105210,101490,117358,115171,105550,102418,102571,107715,97894,105084,108024,108466,105080,105498,118185,118923,107425,106007,107369,106663,105787,105313,109683,111986,108173,106924,118269,118664,107568,106033,107204,112027,107196,110373,110797,113975,111858,103719,118345,119891,113239,115303,117860,123380,116181,117422,118637,116922,107191,98965,96399,83359,95063,98800,102629,119155,113559,118687
辛亥,BR,76419,76141,77660,78737,80665,82715,78918,71135,82981,77099,78970,75925,75069,78882,69258,77531,79749,81259,77813,78118,83056,80811,80190,80541,76896,76775,76462,74411,81048,82823,79880,73978,84316,78706,80107,78069,78229,79824,76262,83458,84181,82370,81871,74096,83418,80527,82791,79981,80944,78222,79202,84293,87255,85976,77165,74247,72788,62911,71165,73838,78662,86822,86789,88035
萬芳醫院,BR,331625,331410,387217,409244,415409,414519,359435,339632,419807,388385,404456,369757,332916,347802,351618,409193,414044,414602,350412,344281,412258,386856,395597,388485,338561,340617,375287,383029,413936,417496,379770,322635,412771,377774,400650,382048,337337,338658,374827,415619,415159,422804,386781,328303,404331,385708,400928,378621,346618,331394,384810,395984,409491,412193,323164,297540,331392,287841,326105,326392,316151,342706,383702,387960
萬芳社區,BR,50486,49096,51760,53675,55175,54930,52806,50523,55276,53293,53506,50918,50775,54038,49445,53591,55451,56917,53600,53350,56460,54845,54613,53503,53662,53259,53957,51821,55204,55860,54643,51120,58886,55489,56469,55243,55367,55118,54731,58707,58528,59726,56895,53433,57997,57228,57081,55064,56590,55035,55993,59167,60432,60347,53353,50409,49730,41831,48191,49486,52466,58496,60321,59944
木柵,BR,96952,95663,115085,119256,123927,119236,107766,103291,118952,118612,119930,105449,94387,99404,103251,116335,121688,122437,106691,107735,119893,120594,120523,110480,99725,100244,114994,112216,120811,124347,115477,94200,124684,117280,124270,113349,102937,106613,117881,126348,129433,129682,116410,108665,122608,122830,124018,116465,104994,101852,123048,129587,132927,135698,110996,93988,109983,97437,108438,107963,102600,110497,126477,128456
動物園,BR,203928,189432,214703,249021,256676,243533,214837,291429,219255,264248,199354,195861,197467,228681,182999,229767,234599,255790,218765,255149,216261,267673,215762,165195,203134,207680,181452,214789,215116,235314,210258,244138,254082,272529,205046,206105,210258,206177,175510,234302,230846,241264,216691,282542,245232,263664,207040,190191,226790,224785,191257,266888,246245,248585,219154,172156,130639,105860,116993,142184,148455,179733,155735,207355
大直,BR,215857,212296,248730,275124,279372,285158,250859,208745,286694,258194,271954,250993,216998,220252,234176,273593,283023,283164,232208,225428,280752,257909,267329,256823,225385,221239,248686,257640,283956,290665,260774,206185,284533,253875,272219,259456,223939,220984,262285,279153,281299,286750,249657,212466,274845,262204,273363,255228,225672,217537,269432,282344,287856,292916,214988,185393,233226,195238,221995,227090,205440,227761,272822,275458
劍南路,BR,311970,296117,292167,325016,315548,330348,330005,307927,307898,291112,314796,312496,326050,326090,292190,318909,325377,344320,334152,314239,308460,304874,308658,305722,315019,308913,287259,320605,314514,345971,327479,314880,316101,301288,316741,311209,291818,306771,291860,320932,315677,349941,352740,312029,330881,327873,335144,335796,344022,329632,318017,371230,338124,367825,333107,263150,232307,199146,237139,266858,291967,325345,327749,337242
西湖,BR,366968,366307,379378,404115,419320,423970,403161,329577,444215,395951,413784,397446,379155,399931,364841,420741,437106,430902,383848,372136,442624,404673,415152,425056,394052,391054,419768,381350,432369,445206,412868,333891,447967,390008,426288,416637,400876,405257,421251,440157,451640,461614,427528,332662,441961,415016,432905,424945,410204,388041,423985,433523,460298,464509,354631,392100,415470,341137,389312,390152,390941,414077,468603,432031
港墘,BR,342446,335265,346764,355064,368641,375234,356922,301827,382079,356664,366189,346747,349960,355771,327697,360327,380431,377947,344391,340965,385406,361025,370888,377819,368222,354845,373797,341656,387662,400138,385731,317639,410365,370212,400868,385328,379386,379028,392126,405106,416473,432954,414224,333219,415411,400855,418067,399459,405639,380939,408233,409982,436004,445542,349669,361316,379949,319958,364271,366614,385226,403421,448955,415937
文德,BR,128502,129253,141098,141454,147118,148838,138512,125041,148843,140174,144178,131844,129411,134727,131711,143343,150480,150974,134763,135811,145940,144970,144626,138568,130871,130255,142486,137217,151689,153530,144374,121984,150167,143698,146793,139269,130807,132646,144193,150273,154997,156709,148024,132085,147929,149273,151771,143016,134962,131032,149545,150108,161947,160297,133911,112553,129894,112409,128785,128867,128663,143551,161489,158157
內湖,BR,207837,204137,205952,212752,218697,222227,217996,205803,227803,214477,216080,209538,212316,215340,196245,217244,223175,228053,212996,222341,226659,219977,217451,216582,215696,214836,213998,210992,224010,230519,224092,211487,240457,241867,240091,234875,237166,235025,234754,244959,248652,254378,252046,229594,253357,247759,255027,251758,251448,240460,248202,252680,262418,270186,240357,222460,218153,187001,216275,225575,238960,264878,268594,273593
大湖公園,BR,87826,81304,84359,92598,94393,88417,83351,88110,90469,93801,92657,84848,87714,102460,88097,94133,101081,96676,88549,92697,93583,95444,90133,83178,91912,87834,86118,84713,89105,91365,90284,83944,97548,95532,95335,89074,92759,89576,85128,95250,95701,96556,96869,91502,95156,96931,94851,90306,93081,88156,89880,100910,102286,101395,94573,84993,80592,69677,82147,86207,89145,97494,95449,102832
葫洲,BR,195942,192340,203803,218008,222899,225103,207616,182879,227597,210630,217362,207956,196229,200318,188700,219764,228864,228489,202483,197184,225979,212986,215785,214162,200741,198076,210192,205078,224808,228299,204481,175530,221770,207582,219323,215304,200778,202370,212638,226534,229660,236154,216523,188262,225866,219041,229185,221763,214959,205355,225153,233426,243402,245655,199620,180756,200520,174084,199050,202171,205911,218433,242406,239208
東湖,BR,207347,206747,217110,222827,229008,230824,220018,219256,237324,217546,219907,207845,204462,209430,200592,220773,228564,232272,210175,234796,239365,221355,218722,215125,204295,204053,217880,208292,227191,234359,223502,222723,238939,216475,224184,215642,212289,212842,219956,230828,236946,243181,233372,260538,243980,229872,230939,223709,216587,209229,226811,229883,241816,246191,206428,215605,204082,174787,197041,196847,201043,221564,239586,238739
南港軟體園區,BR,96431,98423,93847,97429,99508,102239,102681,88595,105353,95214,102944,102999,114812,112655,97153,109899,111648,113663,106796,108967,113247,106877,108675,117824,119468,122536,120431,112064,120459,125559,127771,104706,118607,106780,117711,118666,126411,128550,121252,123095,127035,136379,132620,108782,126164,122570,130269,132933,141419,137909,134281,133755,141609,143711,121241,122126,111423,91687,112084,120080,135550,147336,149243,140427
南港展覽館,BL,757429,713556,713849,729909,770605,754470,788265,687577,836983,696875,700167,746435,746877,694658,639436,698355,767542,775087,704173,726041,749552,764402,668723,753513,695313,679739,754349,703721,778485,756745,765413,694479,783506,712166,688334,737680,767872,741585,731494,758453,902000,795130,841525,668005,848850,765462,742428,761887,789986,774411,740938,768220,949258,848622,766891,674192,628549,527200,606369,625645,736049,814700,802739,832181
小碧潭,X,73580,61188,61227,63522,65040,68035,65006,61918,67108,63998,65114,63618,67639,69271,58531,67298,67847,69591,67206,68454,66849,68078,65653,63951,73285,69704,63556,63036,67492,70068,66074,63715,70519,65689,67835,68513,70595,65332,65916,68963,69913,72270,68522,63980,69200,67791,109700,117937,115464,109193,101793,98825,100582,102602,94635,86425,103824,80194,97309,107919,117492,125366,113982,119624
新店,G,289026,260284,280448,293562,303639,308086,294670,300849,301345,310748,303695,283548,285582,290166,275954,313511,320862,344760,334578,332208,321140,325729,316013,288368,294342,291041,294905,297717,303761,314906,300075,290188,380290,388865,320164,304383,295189,295791,302648,327511,327304,325307,310074,311910,351229,379714,325028,313979,312823,295002,334436,370581,354377,341759,309926,300509,277703,241020,273542,290597,298322,327680,329540,375269
新店區公所,G,300723,297357,300458,310472,317374,326103,314125,295146,326413,310362,317043,302836,295109,304502,277751,309640,312365,321865,298613,304302,316684,306597,308935,304151,298742,302179,300829,299108,312416,325454,308161,288287,325663,308416,319460,314266,304899,311232,315649,329028,331738,342861,328671,300293,333368,324641,331798,330463,330780,320191,333001,341797,350033,359853,315479,294622,285448,249258,287203,303430,313347,348581,355497,360244
七張,G,396835,392976,399729,415180,426230,432363,417547,388212,433226,409419,425645,407473,411998,419581,388298,434533,442110,454114,416864,420692,448343,428878,435296,432729,429041,425402,428375,421046,443844,458996,434558,404089,456121,429291,447637,434412,427667,431834,435862,456075,458896,472901,453076,406228,459421,448518,471024,460516,463076,444817,459645,467470,479526,492756,428615,390785,389619,339191,391024,407251,424236,465184,476753,480969
大坪林,G,508380,489073,521420,539532,549014,555984,541938,481234,560863,521998,541827,510147,510145,513256,492879,549502,563260,571298,531768,526100,567215,534699,546710,547692,532422,526484,549276,532172,571186,583241,567173,498521,580037,539372,561783,548032,536066,535560,552989,576511,581324,596613,576438,497219,575372,549823,568818,560222,558812,536698,572706,582350,607391,612816,569333,607947,537067,460459,531004,548918,579018,634908,668759,661899
景美,G,402882,383333,422874,443112,455791,469780,427630,391583,462587,438768,451108,431091,411023,407652,404920,465533,466955,487627,427334,424107,466060,444576,450027,445369,415693,411701,432384,440765,470115,495915,455159,403126,490686,452763,473931,462870,434931,430631,462145,498241,494386,515387,474669,419415,494126,471618,490565,475504,451555,437293,484961,493660,511106,527191,442726,382860,410144,357188,407462,424829,423420,464105,491706,506035
萬隆,G,234014,233112,235416,240453,243176,251737,247251,231938,255971,238427,245545,237255,238988,244370,226722,248826,251304,258524,241554,248428,257754,247741,249288,250255,249592,248903,246213,244476,257089,267495,258189,245550,264948,250475,259563,255241,255900,257910,260637,268891,270278,278438,272494,247125,272511,264369,272858,267061,272488,267407,272712,275386,284345,288673,259597,239990,232905,203225,235876,245142,261016,290817,290234,292310
公館,G,801032,777873,780575,831802,809206,889933,776852,755822,867759,791795,812325,784969,799273,812114,752553,854020,846681,906043,756092,837093,887560,809346,817976,791015,802372,818960,812855,831249,814849,903456,767063,730853,905182,779930,819033,803003,794333,794308,809594,854785,824087,894511,787048,727778,866350,799470,833342,809468,804747,776338,830566,849139,849040,903730,694112,647200,654410,509189,604470,650454,702912,789546,823002,840481
台電大樓,G,522479,509734,516730,531999,532406,560262,528175,486134,556874,524218,543575,513900,519036,521238,470578,520292,529297,558173,503075,514329,530453,508399,513684,509636,514201,514606,505265,501572,522806,558546,513912,473277,533588,494002,517805,502773,499881,505065,498763,519675,517308,541788,520539,447463,520534,500216,520647,508458,511186,499392,501336,505977,527243,548265,456145,427218,407424,339562,408196,427467,456041,505772,510435,501816
古亭,O,860512,837992,828382,857542,875194,898853,862749,744157,921702,847596,884005,834456,852574,865294,779276,872571,885556,909387,809246,813504,897620,841582,856366,859479,851046,827768,839734,805177,865435,904828,852593,751976,897834,825466,880084,857793,865621,869667,866224,908240,913439,951817,913811,760605,927227,880170,924401,894311,919469,879578,907987,910120,947643,981940,804942,788099,787103,635858,763290,789170,847849,933300,949869,926293
中正紀念堂,G,734121,727757,734681,790133,782488,815385,815498,807844,872903,808341,828333,765713,780590,813812,756317,796329,798846,866577,814978,774962,860281,810687,826317,767374,798899,798979,778091,779891,799646,853412,782019,751103,856831,773111,803032,784442,794808,794545,787362,848120,800990,846275,900339,751715,839303,806229,818499,803662,786085,753306,771756,897214,828998,868024,780923,613046,578817,483219,545637,579177,594228,668981,706100,718745
小南門,G,181193,175615,214566,223869,231727,235235,206310,175269,248576,224588,246510,226374,195868,199532,207008,248439,257494,261884,214941,210333,257356,238857,254885,250633,213559,209781,243997,239963,264327,273678,249781,188212,274495,247589,271192,264403,225261,225120,264477,277254,280988,290443,259278,212562,281366,264873,287569,269500,236683,228520,278097,285786,297507,304809,224515,196578,246961,206432,237901,235605,224134,236469,284510,279255
頂溪,O,923060,914242,937452,966926,985862,1010014,989031,926170,1029333,971357,992056,948070,947060,964658,902608,986006,1005451,1034529,959542,984886,1027153,992219,991511,983568,979545,972033,978597,970801,1012828,1057251,1016976,948977,1045166,983617,1010588,983688,978715,986445,993547,1043166,1036248,1077193,1046152,941033,1052241,1019017,1044545,1023038,1023929,990911,1032067,1050007,1079940,1106833,972524,892289,874342,762521,866769,898875,934664,1025191,1045472,1055068
永安市場,O,673989,666916,679239,702936,715924,728125,707687,661725,742277,704336,719339,684969,689622,720879,666527,736358,740140,752552,692033,714560,746750,720517,722039,713873,713132,711883,707760,694400,731058,758284,727836,674684,754645,710088,735576,714380,712516,721383,718184,749531,749808,775401,754589,678809,755802,731864,754688,739100,744635,721249,746754,762284,786375,801114,697599,641291,627602,546246,623075,649016,675874,742039,751588,754811
景安,O,646011,642077,651085,669636,681675,689086,671271,621615,690384,652568,667938,637054,641716,649351,599186,654704,669195,685394,633849,649147,681339,655795,654685,657150,654499,652199,648734,638356,672193,695690,670810,624013,693101,647833,670959,656535,658150,662242,658525,687293,690068,708936,695410,621241,694206,669462,686206,678167,689578,664214,682017,695143,718026,737137,664206,656684,606643,531061,602883,624951,656994,721581,731523,734532
南勢角,O,526246,518286,533330,556217,562579,573456,553542,543657,582458,555589,566709,544546,540032,554177,515708,566611,578754,594170,550402,567086,581930,565744,563608,554015,551527,549154,552963,554276,569755,595301,568851,544105,591744,562339,577393,563363,557841,563173,570722,600565,598865,618103,596738,560007,602404,586874,595437,584654,585163,564987,596263,609046,622884,637103,563091,494579,489221,428312,480982,497621,509988,558604,574844,588406
台大醫院,R,619381,614044,596973,627600,628489,646824,628131,526928,654236,605224,650670,609028,625648,642417,579347,646742,649007,714002,593587,600424,653016,613471,636364,635690,642004,632558,618163,610685,632445,660478,614158,531587,658942,614505,649117,626375,643449,643637,618843,670276,658308,675929,654695,527453,660384,629585,664776,710526,666809,645896,635021,674797,675337,689117,615714,536807,495915,421362,500621,525794,576429,646240,649123,621664
台北車站,R,4478681,4458628,4276047,4237358,4325526,4604656,4351247,4439315,4411328,4270139,4349094,4350085,4499778,4635465,4044828,4290095,4346423,4725995,4218533,4543284,4403231,4388465,4345391,4222494,4557654,4670896,4179346,4317453,4316863,4764082,4317735,4362608,4383452,4308027,4308877,4293407,4511047,4666321,4312256,4372444,4366213,4706776,4387892,4263410,4363851,4322851,4325364,4430634,4629302,4580835,4374348,4464867,4454571,4767604,4252153,3430398,2835821,2392475,2875929,3363963,3700507,4297698,4006737,4098951
中山,R,1012792,1036968,1004040,1135734,1031917,1075213,1056528,1044075,1109436,1063580,1083071,1024712,1072531,1128465,978432,1148576,1063393,1124573,1066738,1090052,1088865,1041772,1057830,1040130,1091626,1160251,1079421,1167558,1097095,1151577,1116622,1107126,1156698,1076893,1107922,1056852,1073401,1128485,1134408,1355266,1181798,1246703,1226060,1134369,1226275,1178451,1226866,1205964,1242510,1258088,1213263,1312668,1256543,1376973,1221617,1074855,936807,810251,951771,1030712,1120796,1261855,1222525,1303567
雙連,R,608839,612445,604076,610809,619646,635657,639008,586489,641529,603735,625195,594960,603846,636963,563144,611658,623712,655836,628938,615289,634797,614223,631656,625516,638459,658415,615742,596007,623777,650857,637216,590325,649289,610661,640592,632570,645301,669549,615897,644687,639134,668163,676030,576748,652935,636471,663346,652384,675378,674097,647984,662789,673450,709167,628553,548251,468371,403219,473535,519838,567919,625400,605122,606754
民權西路,R,584012,587445,617241,631304,645614,664387,620122,559087,659491,614045,635659,595791,582520,609530,570519,635613,655194,679373,611665,615033,665831,621461,628199,611393,590313,599622,606329,590941,636437,664793,625406,552882,663604,611381,638855,615418,595556,607153,607437,646305,645977,673371,647682,561108,658382,634136,655492,634416,624836,612246,639624,659971,679206,701750,580006,541077,543327,465667,525487,553004,563538,612136,643846,638531
圓山,R,638650,636412,697863,735087,783638,770537,704767,947117,765097,765282,766298,693913,674727,741096,668378,752828,805694,856657,745159,784502,744764,816970,752821,695476,693299,716309,725819,741514,773268,809668,743869,681904,802354,784533,793215,750036,727695,736162,742258,847380,840593,877106,808939,759805,801020,857436,820116,774753,789616,744746,787559,847104,891004,881665,717008,650670,617100,548408,628518,678378,695251,795228,785831,857102
劍潭,R,903560,884743,952633,1027117,1024683,1064212,962508,1021896,1037586,992518,996706,915012,878406,938575,896577,982802,1026756,1101154,928208,997072,1030811,1006631,989883,884736,876960,906438,892750,942324,983000,1056236,949201,895837,1055496,955490,967418,918166,838026,859931,877614,992683,977886,1027063,938534,918742,998248,945682,943544,890548,831150,837394,898050,981780,974805,1017364,840179,656209,676146,550921,643935,705410,662215,718009,764140,833929
士林,R,760823,761083,788725,822944,893833,843535,799623,840602,836766,798684,817508,768150,739935,788290,720528,803742,822268,924113,757175,779988,813208,825627,818070,772033,775242,788595,738239,771940,830640,898225,814044,855833,825248,791811,796446,768769,744153,772563,774072,829498,819749,950531,819358,835357,887838,815831,819400,785874,773386,768503,787178,836505,900280,944460,755512,660877,633796,548062,629562,664849,663170,740083,767472,804420
芝山,R,624459,617454,628056,682831,658493,673826,650027,615006,662265,632242,656294,619039,614416,635105,567795,623733,642631,707253,628297,635172,657750,630722,646323,620820,618519,639537,619542,619276,668007,709921,644375,604532,669530,634978,660481,639807,637239,644387,632877,665508,676981,714100,671270,609968,663483,655371,662872,644029,645950,634535,640954,663693,692670,720323,619893,562903,538217,470313,543600,571784,595882,653823,658247,670736
明德,R,295210,291760,312765,324497,332358,335718,314239,285196,333256,322658,329063,309534,294909,307007,293641,324610,332887,339972,305691,308834,336666,321039,328823,318876,305282,308314,324798,313349,339397,346797,329294,282865,344070,321121,334677,317513,305017,310006,326741,340373,347378,351832,335667,295692,338309,331178,337004,325406,317084,310995,335209,341662,353754,359418,307758,272884,283665,249382,286959,295109,302481,333515,357340,356558
石牌,R,783505,767835,804326,838875,858126,878163,826574,747830,873755,830754,840424,797299,781420,800240,748848,840284,864592,893151,798898,813978,877042,842508,834481,822639,796691,794754,809790,796838,859775,896045,842718,747668,893935,842515,876703,846377,821738,817249,829342,877589,894311,911143,872936,766647,891525,865349,883988,858214,835418,801418,854995,884708,910884,928391,773500,712374,701051,605021,697417,739206,752219,828041,882364,887348
唭哩岸,R,180447,181032,186383,192445,197165,197890,192704,180788,198243,188751,191559,182953,180296,188558,174360,197103,194715,202204,186759,188203,200346,191134,193208,189949,187782,187568,188992,184938,197877,204920,197328,183079,206051,193724,199950,195949,196049,195216,189453,195333,198113,201682,195610,180273,195171,191048,194159,187554,188179,183368,188779,191008,202349,198585,177419,164265,161941,142514,162346,164995,170918,191267,194272,198711
奇岩,R,180449,192177,182559,188440,193247,204881,198729,187727,211464,202489,206980,192508,198482,224154,188544,208875,217527,225590,212686,213276,222944,215742,217415,207493,214445,229823,210920,185032,217990,226028,216614,204606,226216,212894,220162,212431,220041,235894,215762,223495,224090,230410,223763,208654,220641,215815,219734,211368,219324,222818,213414,219576,226735,230033,200862,177495,169247,148475,169617,176759,188391,212780,219895,219944
北投,R,441554,442146,480945,503898,519308,532160,503114,476076,523391,500915,507385,470212,442641,476375,461175,500168,512647,533757,486530,497709,525123,512161,504591,478902,461644,463817,478091,471992,510610,531023,505699,464169,531699,500230,520519,494512,463829,467800,488060,522363,534927,555460,538731,502133,543248,535600,543657,511589,489765,482380,528472,558279,574811,588605,510643,456262,464823,405657,454000,472378,464105,502150,540979,557248
新北投,P,148225,157540,163963,192436,204967,222703,225151,231721,195640,173340,164492,143483,143879,247980,272869,214206,217451,225546,200033,222781,189118,203313,164786,142755,144518,148218,140217,171086,189383,216841,198787,204000,178688,173635,151925,139920,139243,146530,145605,182199,189945,202223,197588,195739,183056,168000,159001,148683,145231,149878,153204,183497,220211,219302,193875,144787,110980,91171,102342,111227,113034,134318,137970,176285
復興崗,R,92699,92117,90881,92107,93312,92746,91585,86351,93795,92923,91956,88481,88741,92463,84631,90389,93528,97173,91307,92591,97493,95318,93655,92236,93509,91940,90466,90358,96039,97919,95054,88479,97963,93222,97026,95239,97020,98907,97270,101871,101314,104993,102846,93737,99918,98605,102218,101265,101560,96097,97643,99743,104664,105328,93973,92268,87489,74637,83994,88715,94925,102682,105868,105692
忠義,R,69394,67022,72743,76196,80906,77265,73457,72008,77202,79043,78490,72302,69394,70400,67198,75697,76823,78845,73393,73317,79376,74956,76043,74969,73516,72111,73005,74346,82367,78605,75622,70303,80411,73740,76267,74861,73407,76116,81534,90624,94554,90416,87700,80106,89599,87737,86295,84765,84199,81640,86501,89740,94109,94114,80901,80852,78707,68235,75440,76270,77438,85579,89019,89315
關渡,R,274107,270354,339097,356674,362979,360009,304722,326225,354189,354322,351903,324939,277150,286780,304370,360531,371303,373846,318717,311789,362172,346492,345990,330333,289339,284638,321732,334764,359069,362060,330002,320040,366966,337097,350816,338943,284994,285208,329357,363943,360250,365650,323610,340772,355196,341699,345611,328082,289941,282152,341848,365505,376321,378654,330741,285485,320686,270158,311485,314083,287037,313478,364495,378528
竹圍,R,252581,247403,265091,277025,279594,278819,263332,247016,278699,268693,274525,257595,248537,257197,246894,269014,273182,277390,252362,254631,272657,267060,266170,253930,250332,251721,256063,253914,268482,275923,261858,240528,278203,263454,269211,259614,252854,253960,261052,274524,273418,280628,270703,247214,273920,269562,272852,265437,260912,251728,267572,275361,282641,288234,253401,232881,229611,203653,226995,235131,239264,264037,273800,280276
紅樹林,R,182307,180842,188389,201253,199135,198636,186529,177957,206516,204460,189492,181867,172160,182607,162203,185057,183798,187808,176679,172012,195846,196176,182311,172632,171216,172744,174103,173483,183230,187001,179132,166290,200422,196165,188179,187322,178331,185349,186471,196929,196789,244754,359806,316327,311085,312577,279622,289380,296153,292154,302631,331536,324924,336305,304794,269503,267707,231160,262408,287082,291077,326479,328912,349290
淡水,R,980463,957391,1066982,1162061,1148185,1136040,1005151,1181284,1102831,1108324,1098868,1040026,962085,1042134,1004198,1163186,1139182,1183093,1046289,1096349,1103329,1142161,1080318,951331,962265,990520,971102,1075975,1050511,1106037,1024598,1047843,1179436,1101235,1079363,1049106,967592,986757,1024463,1136630,1099835,1131454,1016072,1174106,1084261,1084562,1029568,1012487,926363,929953,979141,1151327,1068108,1090047,956171,746148,755588,653001,763057,843116,781317,895972,916277,1049320
頂埔,BL,136381,152253,152975,159852,164805,170323,167495,173484,177849,173470,178661,174795,176660,183658,171502,188874,193493,200573,193731,192506,196957,197774,197032,195967,198232,200204,200567,197633,206794,218740,209425,203737,217484,208214,215472,213767,211088,215731,213233,223361,226402,233345,223320,209791,221835,217028,220937,220932,223349,218482,224945,232633,240343,248699,223348,227083,212693,182858,203811,214519,226669,248544,250477,249268
永寧,BL,364109,344191,330268,324758,332019,344107,317337,315478,328528,318959,339887,310709,313260,351766,290859,317262,324908,349285,316121,323922,340145,337737,351141,329614,338002,351373,359229,325551,339032,367665,337497,325988,357065,344038,369713,348330,355450,386050,370842,377139,376025,401384,378252,357164,377095,375503,381023,370259,385936,403144,378027,390251,401016,416076,359978,323029,305799,265690,307241,324471,337226,378060,383920,390456
土城,BL,180421,179722,178380,185053,186276,190527,182817,177591,192548,184805,185658,176881,179108,185876,169017,185994,188353,196760,183148,185882,193653,189795,188426,182311,184884,185084,184301,182552,188800,201251,189740,181905,201198,191640,196299,189222,188668,195039,189032,199109,201575,211030,202689,187590,203982,199317,201931,195698,198121,195931,198076,206301,211045,221474,194408,179079,174539,155672,178539,188291,195991,219257,219417,222999
海山,BL,520174,510102,533960,553718,566387,577543,545459,516390,572572,555928,566569,535709,528665,541963,516175,568289,583329,603730,552373,560579,587442,570231,576188,562023,553929,552767,568061,558602,590948,616954,584178,532860,610983,572829,598229,572569,561143,574826,579092,605907,613570,629966,605370,549444,600801,591778,603668,580941,585154,560891,595347,610338,633689,646857,561506,522348,529873,467192,524751,538929,556514,607255,637956,639201
亞東醫院,BL,442574,441483,458523,488125,498087,505982,474488,425173,510091,482019,499037,475411,460781,472527,452363,507520,521957,538839,481103,484235,532924,513039,525101,517977,496966,496520,514039,505295,546439,567802,532898,476218,574794,537934,567206,555675,539950,557419,575052,608101,619812,647334,612130,538296,625329,604386,629385,609816,601427,586220,619964,638135,661912,677300,558743,532219,533773,462795,524094,542645,552730,601706,644618,636777
府中,BL,738433,730243,726966,750738,768162,810880,762354,738691,779878,749150,757192,731488,746726,769309,690507,754611,769973,836954,750430,770645,761855,746155,744183,735516,748185,748291,741194,737400,759761,842324,759990,738400,785061,746031,771662,754639,760009,775306,759020,803056,799496,867921,810277,753193,796333,786779,796643,782766,799468,779898,787393,817788,842203,913420,770727,700992,650348,557146,640246,682243,727702,807092,805302,823085
板橋,BL,1093320,1094017,1052821,1091180,1142080,1433705,1108250,1086634,1127061,1076503,1109608,1091996,1124800,1157037,1033873,1133564,1217716,1575429,1107197,1146981,1134651,1124885,1126126,1125833,1164519,1179203,1104986,1115554,1215886,1735341,1157703,1134617,1166601,1132581,1172524,1154897,1176743,1244262,1158137,1211803,1343808,1731599,1209100,1133827,1208153,1193247,1219084,1214922,1260857,1230917,1211956,1247564,1406388,1763329,1185110,1004197,921433,797453,937547,1016765,1090773,1223481,1189298,1224177
新埔,BL,973818,972079,1001727,1038161,1060400,1094274,1030641,949381,1088755,1018242,1053759,995671,986552,1008290,938754,1043979,1071598,1111275,997220,1008119,1073496,1026716,1047519,1039649,1008223,1011485,1035790,1011561,1073948,1132983,1051408,965192,1106587,1032577,1084176,1058716,1023637,1048547,1057048,1112205,1119893,1165605,1105277,967196,1109210,1069743,1111224,1097182,1084050,1057948,1110088,1128963,1173949,1218437,1020111,920302,942572,817372,934134,947634,965997,1062385,1108020,1107200
江子翠,BL,651967,642870,648752,673413,689204,709657,681706,631204,707934,668946,689371,662485,674451,691746,631457,675330,712240,731829,670373,688240,714347,688126,692837,689568,692783,688346,686030,661786,704488,739626,709629,650366,727751,682776,713456,695641,694021,704333,698128,721228,730727,755593,728808,646486,716572,702099,722005,708984,722902,702317,710958,722657,749272,766860,663963,632239,617183,545470,616540,637634,673151,739468,748056,745506
龍山寺,BL,691937,694389,704893,730241,739879,767277,772753,869242,780199,734515,752591,708821,720538,736768,691282,757867,773867,813237,813776,846483,811588,775315,780008,736669,750975,768604,743267,761963,801808,862544,830527,903515,858085,794811,816040,778498,779671,804017,788710,848730,839022,875212,886794,947589,861046,828917,838872,808874,827483,816381,818932,875975,904313,940778,915058,681129,593810,526344,602198,648401,685253,772228,759368,803686
西門,BL,2068701,2076376,1923851,1975354,1981938,2092259,2013306,2124499,2016873,1912359,1979343,1989932,2065868,2128961,1838484,1995970,2033198,2214784,2056284,2486744,2016166,2048585,1976693,1990409,2077617,2101815,1894322,2005576,2034483,2233526,2065119,2229390,2151761,2007246,2006129,2015661,2086809,2148214,1926544,2104358,2078824,2295150,2172024,2276397,2116560,2092506,2096979,2139086,2190518,2164501,2019863,2200812,2184758,2375629,2128924,1683562,1303522,1075000,1277398,1474846,1649737,1865932,1714528,1827957
善導寺,BL,535795,532430,555345,595855,619082,640726,582614,479887,636412,585919,602816,564218,548503,554775,517224,592086,624546,656105,537431,519838,626448,587854,602358,602791,553644,550286,586613,579359,631465,669471,588311,471177,641507,584480,620039,598770,567518,565290,581359,639773,641857,681779,628444,503130,647141,613048,638568,607220,592508,562893,625628,646260,676972,703213,543297,461274,515521,426659,494780,509390,510219,559705,628668,613082
忠孝新生,BL,859065,855234,828815,843642,852315,887320,857778,861275,947359,873950,872972,885080,986332,999972,872575,869556,887759,1021874,847199,897061,922674,867950,855297,842809,884756,886192,866632,841436,893257,951861,873769,820070,935560,847449,883044,884228,922292,897506,884748,921589,908867,1011679,959984,873212,978743,893010,931611,903326,960253,929915,936091,945167,982762,1023903,854020,787029,739696,614135,697667,751607,816841,892557,903200,918152
忠孝敦化,BL,1160215,1148070,1077162,1094625,1108094,1196157,1158764,1088774,1136590,1073806,1103003,1093692,1146231,1173238,986990,1081151,1090869,1181621,1091850,1111883,1078201,1048523,1060928,1077493,1128424,1127605,1043479,1024161,1071480,1159254,1075485,1056625,1061709,1007613,1045677,1046412,1069291,1088537,1009349,1048886,1032752,1093036,1054775,934089,1017037,955518,995916,1019448,1060665,1045586,993992,1003272,1035242,1102475,980564,912450,795404,681347,818547,868865,943841,1041078,997784,1003426
國父紀念館,BL,664285,658075,599143,603546,608986,642926,652147,619283,647556,586241,622189,586837,635647,681013,577716,635486,626427,663519,612155,651050,633636,623029,618155,619483,651480,660811,600800,597176,617472,653097,639342,638249,651720,612373,651081,627765,649558,665331,605905,631892,644527,682776,698756,679879,663218,648653,664542,637455,684650,673868,623506,640395,656034,702925,596013,564734,493513,412768,482304,508019,574552,642059,611148,605317
市政府,BL,1638145,1586447,1513485,1629880,1646437,1754760,1598424,1542141,1603132,1536585,1611767,1584499,1652253,1699893,1475279,1721296,1664446,1977577,1615959,1672546,1649212,1634172,1629644,1673854,1748641,1768960,1647226,1785870,1731148,1962659,1700513,1648434,1678032,1617151,1685410,1678026,1751339,1786225,1668700,1821725,1785428,1953967,1824301,1779449,1711622,1671012,1723926,1740424,1836360,1826660,1710281,1878241,1829000,2017398,1764475,1550977,1389333,1186044,1403567,1546575,1704345,1879487,1845882,1942489
永春,BL,477169,481314,506573,517633,531668,546559,533867,477271,554605,509053,526420,496791,489883,496441,476798,520792,534530,543901,511868,503270,543090,512513,520836,519965,500281,498043,516248,502936,542552,561159,542771,489035,548575,508880,534667,517985,508121,513772,532138,549571,559388,579641,560632,490033,555037,532474,554756,535752,526370,513711,544788,546917,575740,592074,509759,466980,484318,428594,484645,487806,505656,552479,583228,576202
後山埤,BL,452100,436932,449885,457605,464589,478168,463651,441721,470863,450467,459486,436113,444793,442615,413114,451967,471929,488692,449147,453875,466841,453172,449400,445983,441146,438898,434674,428583,456559,475646,452396,431969,463472,436508,454994,444134,445226,447277,439429,457169,465271,483987,470440,431503,465821,458129,460316,452434,459573,450945,444651,452780,476392,487927,437001,396430,375524,333707,384018,397913,424442,467530,465258,471451
昆陽,BL,382881,381430,383541,391951,405992,410268,391712,347125,410720,382533,394994,377115,372190,380345,345821,381705,391254,404126,362396,365928,393067,371372,377577,380756,373614,376448,375049,356811,388473,400914,376966,334932,392703,357833,380356,375428,377530,381841,376009,388945,406061,415441,391063,334757,385948,372684,383739,376649,387739,371583,379043,384182,407037,419956,350016,346175,341181,297467,336031,348478,372178,408242,427271,420828
南港,BL,283871,287472,296580,301215,315530,325800,316796,299658,337643,314409,327121,323076,387480,417229,396276,425583,429843,445707,415085,427270,439713,439388,434142,441602,443415,451060,463409,456900,466178,482647,470171,449118,477387,465972,469434,470722,480796,490337,481954,491858,518866,527873,501364,484454,514272,505211,503271,520383,531909,523316,529291,542072,559402,595082,549864,452771,421062,364611,427687,469005,512373,571113,579616,621885
象山,R,236075,231061,242266,254779,265225,268653,256384,251016,260348,260354,262479,246627,251526,262927,237221,265190,279803,303929,276213,279943,279998,281853,277177,264270,282797,281473,272807,270494,284121,309109,291787,267368,312384,294094,301801,290438,313772,322464,315931,346163,349071,362305,349596,321103,345820,336093,349516,330561,337470,332033,336458,371291,376846,388992,355625,328570,301033,246835,288633,303619,326804,362141,368191,367624
台北101/世貿,R,826200,861178,770811,787356,854404,908482,785253,851833,855142,780025,912802,791943,867372,961421,793961,830343,882575,1148543,866849,918239,860649,865607,896867,819498,937490,972739,843832,854376,825036,1046404,962734,874572,886602,827650,916566,828245,916299,972962,848457,880273,863737,968913,1119068,1047546,985435,907740,998431,886095,1025663,1057157,916253,981639,934326,1144628,868481,689308,562110,444878,545551,649350,800911,899490,847404,832102
信義安和,R,419268,419841,415294,425472,433193,454946,448864,409362,467084,436687,453008,436216,446952,460862,409809,451906,462453,485598,448609,457878,483189,439554,463022,464055,473087,475358,456206,440872,471599,504601,478931,442775,493336,459541,484307,483296,490926,504000,479686,499686,503324,545211,532410,458291,513021,500973,511530,504924,522012,508160,504179,512082,529201,559364,484121,464055,434504,373019,431538,457265,489102,533618,537081,523885
大安森林公園,R,211711,192750,198087,214964,219422,216372,203932,206290,221437,220267,221314,201299,209784,239345,209190,227084,231814,243563,225204,213879,267453,254192,237181,219630,231284,229497,221625,223399,236759,246225,232562,225087,261391,258765,250126,247739,240758,229022,220636,257598,244531,254399,252978,230338,250940,255122,250558,242668,240405,230629,228308,260840,258967,268558,234361,198164,197434,169344,198668,205419,218195,245451,242145,259694
北門,G,167262,173816,180195,182583,186946,195220,202036,204808,213754,202094,209598,199247,201968,224246,191288,228555,222071,234232,254801,292079,295938,269288,273147,266512,269567,310166,274986,283792,286122,310450,305441,342413,340065,300681,313980,306287,311499,340718,312166,336152,342100,353002,381130,358674,352038,341495,356411,353832,367848,399878,362110,385136,390139,418822,417888,322025,266379,221170,258677,281057,310435,379981,331995,337809
松江南京,O,893131,916097,891587,901469,927001,951569,948736,821972,996775,900105,936530,899280,932306,974617,861866,937885,958007,987751,916668,930028,1009102,941988,954316,984455,975616,977694,955788,895842,978390,1022473,988504,867326,1012670,905007,958202,951775,977884,995974,963744,982764,1002771,1061288,1025774,844313,1018427,974690,1018585,1010576,1056025,1020625,1015857,1018836,1060278,1115657,929807,921190,858701,703868,805046,838615,908420,989475,1029999,944928
台北小巨蛋,G,491988,531508,572364,552627,585478,603883,592340,522591,624274,577252,584121,554225,530876,567053,521648,592454,616997,688798,581666,598194,660238,601451,614055,628002,601304,701043,629613,588727,647083,677943,641295,562744,688273,632174,656269,612099,603454,621533,645281,656184,660062,690306,682165,585925,688049,644675,666547,635962,633187,611580,653425,635189,676080,689959,590900,581964,529814,442899,505106,528383,580790,656819,697656,602452
南京三民,G,510116,524118,516767,524436,539657,569630,567320,513570,588620,548156,569881,549382,567243,587391,528007,579011,593569,622274,588150,594184,625936,601552,615994,633767,609925,617154,610555,578915,629395,660272,632803,578238,653699,600484,632459,628169,634789,649001,637019,651474,661130,697338,675819,570739,663273,640762,665976,651062,662647,644397,652617,662634,692593,693209,590764,565715,549204,464535,532358,554839,586622,640530,668673,632062
松山,G,487945,496194,498014,520021,534154,559116,546883,551684,573584,547378,557458,544158,560426,588031,506251,569408,588197,622101,592682,604641,627163,602787,609024,590631,611917,634945,594958,580236,630562,665818,639527,613023,667384,623043,639664,618492,635257,656059,619326,654527,655237,682165,673248,621609,661648,655791,657397,645636,668243,655714,643045,670477,695799,725010,644560,578621,520865,438116,485301,536635,578824,638212,636945,624556
輔大,O,232238,219218,308782,360519,359981,364171,283173,231359,361792,326035,347969,313955,231618,221885,290456,356266,358295,367980,275312,250939,356711,321894,339048,320427,230389,234793,291673,334235,349820,357978,308898,209917,355846,308040,352846,336753,240742,233825,338510,372311,367250,370299,290018,258689,359677,320128,358376,325548,251712,233309,350689,369875,384152,383590,260041,217530,341907,280493,325625,321730,249981,259079,363616,397691
新莊,O,285749,291935,315867,316910,317979,327529,305983,294804,324721,316819,325558,305356,302018,309548,292847,327429,318023,329663,303096,324752,326183,309642,319684,306232,283942,307185,305627,302882,312784,322521,303197,277366,328894,310464,317289,303434,308034,304421,313512,332580,318421,327492,314284,283602,314912,311655,315159,317922,311432,291540,319031,317510,324079,330793,287959,263154,268298,230639,261254,271134,278541,308774,325973,328528
頭前庄,O,115440,109679,115732,120608,121859,125248,125685,114380,124068,115153,119886,118873,115515,115584,111169,120527,124947,132078,125558,120931,118582,114967,117310,116713,118707,117873,117358,116588,121549,127929,122501,113213,126787,118534,124570,121953,120166,122193,125303,130695,128897,137350,135764,119474,135157,127676,129986,132819,130703,125783,137794,144731,148333,158145,156904,169314,135504,115680,128437,137396,143705,156509,163280,162081
先嗇宮,O,95364,97458,96324,98238,100926,102803,103662,93289,108145,100079,103398,100097,100759,104032,96558,104989,108302,112488,105289,103970,112437,109922,113170,113986,112724,114207,113582,105432,114800,120806,117391,105876,123769,111595,116732,116719,116132,118792,115951,118674,121572,126130,125727,103615,121305,116000,118906,117999,120349,115435,119247,120898,125542,129291,109891,113892,112606,98140,107759,110274,117747,127683,133913,127081
三重,O,103258,101565,107734,113622,123932,123740,115200,110230,124760,120604,121657,117189,115440,118349,113781,127295,134851,144602,120094,149109,185705,166721,163746,161940,155347,159970,156532,162570,164689,178919,168311,155787,206857,175968,170590,166264,161862,166570,168585,181796,179668,186881,182774,188250,197817,181882,180455,178514,176126,174722,227937,274102,194595,200153,181369,193388,153675,134485,150589,158949,169360,198182,194131,206015
菜寮,O,215168,213346,229142,236807,241764,248671,235806,228923,258521,240781,250850,236457,228843,239029,231776,257509,260804,270671,244251,248665,269818,254488,262389,258733,245034,246190,255286,251424,265367,276056,262350,234766,274183,251732,262093,256234,242341,249021,260883,271975,275367,283784,267837,245829,277666,265364,273211,266767,260529,252562,274080,282222,289169,296735,248822,237449,248261,214810,239710,243337,248953,270329,288643,288339
台北橋,O,228169,227404,231099,236083,240627,250196,253151,254033,261728,248407,251656,247455,247737,256723,234134,254041,258866,270734,260077,269657,272549,264703,263428,266209,265104,269010,257733,255982,264788,278907,269524,270335,277066,264731,267475,266703,264504,272353,264846,274384,273347,282945,281542,263841,279501,271993,275421,277834,277378,278214,272552,280751,283953,293823,267066,251861,233896,204313,231565,247277,258321,289255,282199,289051
大橋頭,O,259196,263105,293619,299888,307826,313752,305906,288235,321055,300138,307141,289295,276517,288100,278572,310230,317796,324728,316345,295625,316713,303876,304632,300746,286370,289586,302950,294520,315284,325010,312668,301695,325335,303198,309951,301894,293906,304462,313141,325090,329421,337796,348571,304030,332931,328379,330851,320328,311226,312434,327117,338222,349028,362722,339826,277940,277013,241636,273145,287959,292650,333590,341881,346965
中山國小,O,398737,403439,419752,426560,438145,457240,446268,399353,473835,430193,453453,430971,421450,440764,416236,445123,460817,481273,442590,442499,480651,449556,459282,457466,440139,446950,457326,442230,470206,493309,469054,421241,484574,440876,464634,454268,449138,457948,463886,477347,483095,506257,488463,422851,491691,464717,486984,467869,470160,461808,476745,480405,495036,514857,441905,411023,396324,338645,381307,400476,423627,462994,480809,471010
行天宮,O,674957,688786,680677,698932,702227,722284,745779,727700,772705,715294,735825,699948,721026,721983,669799,732065,749236,769784,759357,753115,779384,733065,739668,737706,748363,744690,727578,708505,764318,791649,790295,766100,793979,726350,750450,737242,747130,767523,741257,773859,773318,815838,818195,754683,794871,768321,791763,769059,804490,757876,788473,797889,825091,867619,770426,714057,663304,564825,645292,669949,712983,789715,792994,771762
東門,O,631774,645907,637982,654162,665833,686447,671183,641100,710552,656416,693916,654555,675933,718438,637133,695324,702794,738935,679294,684539,719827,676681,691677,674637,685313,704908,673064,661480,700884,741521,706714,648460,732482,664329,705221,680757,690897,714985,690006,717819,723643,763541,747755,658494,751190,706743,739254,713168,729382,744315,727258,751037,777986,821711,716777,606304,553257,478090,556474,589592,618999,695945,680621,664926
蘆洲,O,280640,276744,295482,301648,311084,312178,300138,281867,316787,306641,313331,302231,293023,305489,295733,320594,326583,333020,300396,309633,327272,316701,317363,312598,308188,312235,326035,316475,337523,348248,331064,298423,344243,328070,341349,332061,325917,335094,343652,363214,360281,370884,358643,320492,361750,353944,366041,357425,357770,350100,370810,376137,388162,394066,336932,315394,325399,284010,321415,333417,343646,377159,392453,392212
三民高中,O,300795,299769,313322,322786,334361,338068,318830,306865,337968,323409,329981,312856,309334,317098,303376,334815,343322,355029,325028,333965,349744,338408,337769,329772,322331,323804,335617,326066,345286,356771,340902,307701,356913,332966,342215,326668,313739,317778,329342,344080,348228,358824,344692,317183,345101,336077,341921,329378,325309,315180,337957,346356,355977,360070,314701,287327,297472,260703,291215,298380,305114,333214,351106,349849
徐匯中學,O,313947,310567,317799,329694,337334,344052,337666,314232,345508,321775,334148,318969,314994,322238,303235,330924,339499,352034,322964,329665,342234,328659,330198,329127,322611,328079,325415,326212,342291,358450,341390,315553,347029,321935,337764,330285,322008,332397,333856,348023,351114,363087,354772,318257,351688,340316,350358,343604,345237,339262,351551,360985,370419,384395,333537,304415,302515,265367,299738,314194,327018,358151,364278,365522
三和國中,O,280452,282218,295206,303890,312184,318357,308066,291420,327108,307086,314818,301301,291658,298216,229727,301055,318473,326774,298390,308708,326951,313779,314334,310850,302002,302830,310880,304952,320898,333075,318369,292341,328880,311466,321101,309760,301940,309972,319644,333330,334634,345785,332044,299300,335396,325925,335061,325902,322524,316048,333350,338677,347502,361562,307186,287936,294422,258009,286374,296785,302565,331604,347122,346560
三重國小,O,290281,286478,300390,310169,317966,323039,319145,310523,334252,313263,320201,303862,299593,306881,292754,315808,324332,333079,308286,317784,332533,321503,323419,317880,311483,313749,315601,313546,326880,342367,330466,307785,339489,319648,327767,318587,312012,314918,321516,335566,334682,343188,336012,307696,338667,326728,335789,328177,326140,317803,332308,337227,345256,353236,311983,293608,294040,258502,286284,293141,298047,327978,340029,343972
迴龍,O,203504,201629,220340,232823,237380,238197,220956,205675,235976,225606,235624,222997,210760,218713,224751,249033,254584,265743,233007,241473,250925,241592,246280,237892,224107,229275,241863,246708,258020,265670,248367,216059,267572,250449,264529,256587,232589,240759,262580,276016,275007,282739,258283,240088,274290,264860,270758,261898,243640,240608,277279,289552,291422,295056,244687,224919,253981,221430,248115,256260,241977,263423,294818,304797
丹鳳,O,194231,193957,204823,212550,217691,222216,217257,206726,227133,216530,221945,210885,207294,215484,207166,225210,231186,239775,221743,227551,230869,224136,225692,219916,215234,217732,223215,219030,230237,238359,230445,211328,241950,228223,235297,226016,221803,225479,232894,243235,248142,253839,248567,224756,249767,240992,245181,239304,237613,231570,245569,253880,259231,266303,229454,224148,226876,198812,221844,228410,234778,256843,268187,270868
十四張,Y,,,,,,,,,,,,,,,,,,,,,,,,,,,,,,,,,,,,,,,,,,,,,,,,,,,,,,,7951,29852,19627,16967,17988,18576,19998,21705,29009,30583
秀朗橋,Y,,,,,,,,,,,,,,,,,,,,,,,,,,,,,,,,,,,,,,,,,,,,,,,,,,,,,,,12247,77295,57314,50161,56857,59459,63011,70404,70033,74330
景平,Y,,,,,,,,,,,,,,,,,,,,,,,,,,,,,,,,,,,,,,,,,,,,,,,,,,,,,,,15489,104657,79771,70654,80849,84104,89276,100261,102480,104825
中和,Y,,,,,,,,,,,,,,,,,,,,,,,,,,,,,,,,,,,,,,,,,,,,,,,,,,,,,,,30531,150005,103418,91315,104706,110354,115867,131784,128487,135892
橋和,Y,,,,,,,,,,,,,,,,,,,,,,,,,,,,,,,,,,,,,,,,,,,,,,,,,,,,,,,7267,49112,38569,34296,37838,39946,44787,51051,53434,51080
中原,Y,,,,,,,,,,,,,,,,,,,,,,,,,,,,,,,,,,,,,,,,,,,,,,,,,,,,,,,7373,64779,53710,48416,55106,55794,61359,68932,72097,70124
板新,Y,,,,,,,,,,,,,,,,,,,,,,,,,,,,,,,,,,,,,,,,,,,,,,,,,,,,,,,11246,72438,57631,50642,57329,59041,61128,67559,71324,71360
Y板橋,Y,,,,,,,,,,,,,,,,,,,,,,,,,,,,,,,,,,,,,,,,,,,,,,,,,,,,,,,74561,270922,184775,157492,182782,185702,197521,221943,220665,240272
新埔民生,Y,,,,,,,,,,,,,,,,,,,,,,,,,,,,,,,,,,,,,,,,,,,,,,,,,,,,,,,21302,102725,69539,57961,62800,52562,53696,59225,63139,65751
幸福,Y,,,,,,,,,,,,,,,,,,,,,,,,,,,,,,,,,,,,,,,,,,,,,,,,,,,,,,,20753,125896,82259,67750,76968,81586,85002,98116,97628,104705
新北產業園區,Y,,,,,,,,,,,,,,,,,,,,,,,,,,,,,,,,,,,,,,,,,,,,,,,,,,,,,,,36728,124772,77242,65711,75544,82321,90158,115948,110585,114231
